post_url,author,media_type,media_url
https://www.linkedin.com/feed/update/urn:li:activity:6814280258670395392/,Darwin Romero,Single image,https://media-exp3.licdn.com/dms/image/C4E22AQFeK_plRvnmsg/feedshare-shrink_800/0/1624651016442?e=1629331200&v=beta&t=693e-irtg7GH7n9tPyO2aeE6lIPLtE3nqt7ClHCnmp4
https://www.linkedin.com/feed/update/urn:li:activity:6818297602006622208/,Carmen A.,Single image,https://media-exp3.licdn.com/dms/image/C4D22AQHixHhZrBrR4A/feedshare-shrink_800/0/1625608825678?e=1629331200&v=beta&t=PoCHnRaY6KuIRyxjXbZjbGWaamGePxH10k3fqKU9R90
https://www.linkedin.com/feed/update/urn:li:activity:6819065721989971968/,Applaudo Studios,Single image,https://media-exp3.licdn.com/dms/image/C4E22AQFSEuWPfWzkaw/feedshare-shrink_800/0/1625791959852?e=1629331200&v=beta&t=bZzNyHw8Wya3H_Uor-iQGoyv74dSQKVXkPTP6SXHUjY
https://www.linkedin.com/feed/update/urn:li:activity:6817981511946551296/,Applaudo Studios,Single image,https://media-exp3.licdn.com/dms/image/C4E22AQEe-rFI5jSMrQ/feedshare-shrink_800/0/1625533463829?e=1629331200&v=beta&t=9DQn9vFJcG6y_aCbvCeedrK9KmlJFktt2TH4QXdwW58
https://www.linkedin.com/feed/update/urn:li:activity:6818699375741607936/,Applaudo Studios,Single image,https://media-exp3.licdn.com/dms/image/C4E22AQFlv1GTS49TLQ/feedshare-shrink_800/0/1625704615751?e=1629331200&v=beta&t=AR45vpbcSrGr_g2hUlo23O8M-f3z4t3-BvEFBFMV2hU
https://www.linkedin.com/feed/update/urn:li:activity:6816518557036281856/,Ternova,Single image,https://media-exp3.licdn.com/dms/image/C4E22AQF966xwVXOh1g/feedshare-shrink_800/0/1625184667430?e=1629331200&v=beta&t=ioXv_mjpPcSLO58u_CA9HlrShS7ZIb8zBRRUKcTqhww
https://www.linkedin.com/feed/update/urn:li:activity:6818343933689573376/,Applaudo Studios,Single image,https://media-exp3.licdn.com/dms/image/C4E22AQHR0IKxeewLBg/feedshare-shrink_800/0/1625619871910?e=1629331200&v=beta&t=Ah_JQ6wVP52Fd3MS0BxvuBfd04KG7lykLWe5vAZu0ys
https://www.linkedin.com/feed/update/urn:li:activity:6817149955245973504/,Applaudo Studios,Single image,https://media-exp3.licdn.com/dms/image/C4E22AQG24g8bwbsEJw/feedshare-shrink_800/0/1625335200594?e=1629331200&v=beta&t=VJdnKUpWIMsrCLP-ElNX7nGmAbbBNtn2qu_kvPr6Vks
https://www.linkedin.com/feed/update/urn:li:activity:6816881830885683200/,Applaudo Studios,Single image,https://media-exp3.licdn.com/dms/image/C4E22AQFyPqq2Jpdcyg/feedshare-shrink_800/0/1625271279375?e=1629331200&v=beta&t=hnPL54RWn-SNbhY1BnuVHXM6MDjU9MDer7gw2mAPB8g
https://www.linkedin.com/feed/update/urn:li:activity:6815806398857842688/,Applaudo Studios,Single image,https://media-exp3.licdn.com/dms/image/C4E22AQHyzxodV9ZtmA/feedshare-shrink_800/0/1625014876439?e=1629331200&v=beta&t=YCE0TofmmDsVuZP4UzhMPeNVIBSaBppn6UxRC_QmWs0
https://www.linkedin.com/feed/update/urn:li:activity:6809902200194695168/,Applaudo Studios,Single image,https://media-exp3.licdn.com/dms/image/C4E22AQHpm1muMiUeIg/feedshare-shrink_800/0/1623607201608?e=1629331200&v=beta&t=95nZiGODHVtkCmtTl7aaoYldfGEl7_xa6SGF5Nhdx1M
https://www.linkedin.com/feed/update/urn:li:activity:6810738281626578944/,Applaudo Studios,Single image,https://media-exp3.licdn.com/dms/image/C4E22AQFC5Mu8wO1tHw/feedshare-shrink_800/0/1623806543401?e=1629331200&v=beta&t=hgleS3bJe7kXFUGlBo0dd044AVt7NYgC5pD1uOTDCC8
https://www.linkedin.com/feed/update/urn:li:activity:6810566622881886208/,Applaudo Studios,Single image,https://media-exp3.licdn.com/dms/image/C4E22AQHpFZoKC_YQVw/feedshare-shrink_800/0/1623765611684?e=1629331200&v=beta&t=BdZEH-sp-jEUrVzWtZFm1gv896Gr8RJnG48kUpz6nzk
https://www.linkedin.com/feed/update/urn:li:activity:6809117108937535488/,Applaudo Studios,Single image,https://media-exp3.licdn.com/dms/image/C4E22AQEjGuiFKHv3ZQ/feedshare-shrink_800/0/1623420020855?e=1629331200&v=beta&t=VSs_zB6ppGiutv2ABkyvSuuG-yfZziO8Lmxk12EHxy0
https://www.linkedin.com/feed/update/urn:li:activity:6808907264955600896/,Applaudo Studios,Single image,https://media-exp3.licdn.com/dms/image/C4E22AQHsM1drfsOgSQ/feedshare-shrink_800/0/1623369994471?e=1629331200&v=beta&t=hWAsaR6_KyuyS8jWWoFU6BCTLziCbGpLIMxqam-8HA8
https://www.linkedin.com/feed/update/urn:li:activity:6808392250175889408/,Applaudo Studios,Single image,https://media-exp3.licdn.com/dms/image/C4E22AQHX2XeXX1WZ7g/feedshare-shrink_800/0/1623247200816?e=1629331200&v=beta&t=pqXnImwgwpQkjxZ6s4jA6_sK914JoS5_iy_xFACPHCc
https://www.linkedin.com/feed/update/urn:li:activity:6807848667882561536/,Applaudo Studios,Single image,https://media-exp3.licdn.com/dms/image/C4E22AQFESFBWiLCmng/feedshare-shrink_800/0/1623117600862?e=1629331200&v=beta&t=U23LKWK9YnKPrVh0yWLJ_RxhbaJgSToh8Ww-052sagI
https://www.linkedin.com/feed/update/urn:li:activity:6806023315992444929/,Applaudo Studios,Single image,https://media-exp3.licdn.com/dms/image/C4E22AQHYgdp099vQLA/feedshare-shrink_800/0/1622682407942?e=1629331200&v=beta&t=64QnorRqzhydPx747baeIQmn9K9tGXR46FaZeK-8e8s
https://www.linkedin.com/feed/update/urn:li:activity:6805646104445669376/,Darwin Romero,Single image,https://media-exp3.licdn.com/dms/image/C4E22AQHZ7LNPeZOngQ/feedshare-shrink_800/0/1622592473631?e=1629331200&v=beta&t=HAbWT_rnSo02_WUb3MXd9NwKaiInDhsoAUFw9r16-BY
https://www.linkedin.com/feed/update/urn:li:activity:6806390086746324992/,Applaudo Studios,Single image,https://media-exp3.licdn.com/dms/image/C4E22AQG43kXYBi8q_g/feedshare-shrink_800/0/1622769852906?e=1629331200&v=beta&t=EhWEGlj4_-L58OtOXIn2pEFr8yqMgNTgLMAnrF8Xp2Y
https://www.linkedin.com/feed/update/urn:li:activity:6802776582344781825/,Marcello Paz Aguirre,Single image,https://media-exp3.licdn.com/dms/image/C4E22AQF9VRj0mYzyWg/feedshare-shrink_800/0/1621908325243?e=1629331200&v=beta&t=l5vmdITCbhehgTKwzZr73YKOdxAiNeLsRYQ2f1UzPI4
https://www.linkedin.com/feed/update/urn:li:activity:6806644262445355008/,Applaudo Studios,Single image,https://media-exp3.licdn.com/dms/image/C4E22AQFcbfK2H4n1Zg/feedshare-shrink_800/0/1622830452783?e=1629331200&v=beta&t=Be_0KTs_JTBy851o1tVIClUNu9Wuyi_9dnWkWDmqRPA
https://www.linkedin.com/feed/update/urn:li:activity:6803452537610547200/,Applaudo Studios,Single image,https://media-exp3.licdn.com/dms/image/C4E22AQHjRZBV07ONSg/feedshare-shrink_800/0/1622069486352?e=1629331200&v=beta&t=X_-ZgUip1E4AEhXXXWV5oBRT2mg1Jvj69y2PCa2LAHg
https://www.linkedin.com/feed/update/urn:li:activity:6805538900195516416/,Applaudo Studios,Single image,https://media-exp3.licdn.com/dms/image/C4E22AQF8ElIc_XG56g/feedshare-shrink_800/0/1622566913022?e=1629331200&v=beta&t=Bs8gY69NAwc9UGMq2VW0fNlrncRSt5epUBj7VL4QsUs
https://www.linkedin.com/feed/update/urn:li:activity:6802746041306284032/,Applaudo Studios,Single image,https://media-exp3.licdn.com/dms/image/C4E22AQFLjuEM3Up9Ew/feedshare-shrink_800/0/1621901044241?e=1629331200&v=beta&t=no1gsj9vfWO2_2CrJtCZBKJBva76uF5wS7gYtcnuVEE
https://www.linkedin.com/feed/update/urn:li:activity:6801925949085552640/,Marcello Paz Aguirre,Single image,https://media-exp3.licdn.com/dms/image/C4E22AQGFP6Qg21e_Gw/feedshare-shrink_800/0/1621705518321?e=1629331200&v=beta&t=JPVDP110YqBVVdop4kuMKxpF2GpRSOFYHmH7YT2-cho
https://www.linkedin.com/feed/update/urn:li:activity:6803479069448036353/,KODIGO,Single image,https://media-exp3.licdn.com/dms/image/C4E22AQHjQca_i7PQeA/feedshare-shrink_800/0/1622075811307?e=1629331200&v=beta&t=RH4ykoatYB8anyuydcsuNpR6HYnnouc3fKQIkPcqGlo
https://www.linkedin.com/feed/update/urn:li:activity:6800576705485508608/,Oscar Castillo Chedraui,Single image,https://media-exp3.licdn.com/dms/image/C5622AQFn_7Xz1PGcJQ/feedshare-shrink_2048_1536/0/1621383833943?e=1629331200&v=beta&t=Um-BbkdnK5YCBvVCREpJgkt9aiVia96NSvcTLQ0THVA
https://www.linkedin.com/feed/update/urn:li:activity:6801280193714544640/,Applaudo Studios,Single image,https://media-exp3.licdn.com/dms/image/C4E22AQFJtWHJDkVfYA/feedshare-shrink_800/0/1621551559208?e=1629331200&v=beta&t=plA8c_cIgL1ZU6qKABi-k7kIQjxyJ6maPB73xP8BcOY
https://www.linkedin.com/feed/update/urn:li:activity:6800548987377131520/,Applaudo Studios,Single image,https://media-exp3.licdn.com/dms/image/C4E22AQFUVhKLNgED_A/feedshare-shrink_800/0/1621377225386?e=1629331200&v=beta&t=j1n7unKgsRQQ8_YU0RGrbgfZfzlbtqVol46w_FcGti0
https://www.linkedin.com/feed/update/urn:li:activity:6800147038890713088/,Marlon Fernandez,Single image,https://media-exp3.licdn.com/dms/image/C4E22AQGoahQ67cnNPA/feedshare-shrink_800/0/1621281394040?e=1629331200&v=beta&t=hcCD7eOsci9IhvBNesEjGL00QgoyXkdU0kmoQVvc0ik
https://www.linkedin.com/feed/update/urn:li:activity:6800940192862609408/,Applaudo Studios,Single image,https://media-exp3.licdn.com/dms/image/C4D22AQFUDz1hPOebWQ/feedshare-shrink_800/0/1621470496995?e=1629331200&v=beta&t=RNrj_o18PkHBc5f9ooyfSF5sJcFp0WEw1oE7wpbVNoA
https://www.linkedin.com/feed/update/urn:li:activity:6800179642079723520/,Applaudo Studios,Single image,https://media-exp3.licdn.com/dms/image/C4E22AQHSXiVWVl2fFg/feedshare-shrink_800/0/1621289167274?e=1629331200&v=beta&t=rTtspTuBogZnwJSmvrdo0Ogq2vPOqFRY6xnBTAfuOS8
https://www.linkedin.com/feed/update/urn:li:activity:6800087948600643584/,Applaudo Studios,Single image,https://media-exp3.licdn.com/dms/image/C4E22AQEcgY8tQme50g/feedshare-shrink_800/0/1621267305142?e=1629331200&v=beta&t=AWhxSTicn8NuzJmydlObmy0fIVaENK1Ui04UWs5q6gk
https://www.linkedin.com/feed/update/urn:li:activity:6799483205712965632/,Applaudo Studios,Single image,https://media-exp3.licdn.com/dms/image/C4E22AQEgCCLjQtjWkg/feedshare-shrink_800/0/1621123123290?e=1629331200&v=beta&t=0n-edrjymUA7v8FcRErD7o6bdV1ykZdI06zKvUMTsgU
https://www.linkedin.com/feed/update/urn:li:activity:6798779850376171520/,Applaudo Studios,Single image,https://media-exp3.licdn.com/dms/image/C4E22AQEtq5mknRkXFA/feedshare-shrink_800/0/1620955430905?e=1629331200&v=beta&t=O5Y2XKfkTZgE1Wn5EvJfMxR63ivgzDwQoeIWDlnYSTE
https://www.linkedin.com/feed/update/urn:li:activity:6799001202811125760/,Applaudo Studios,Single image,https://media-exp3.licdn.com/dms/image/C5622AQG4wMjEn_Hkiw/feedshare-shrink_800/0/1621008205412?e=1629331200&v=beta&t=cZgcu2dttKRjVjEl3R2qi6zNjZtDIcnLA8D1XCvDBBQ
https://www.linkedin.com/feed/update/urn:li:activity:6799038480820301825/,Applaudo Studios,Single image,https://media-exp3.licdn.com/dms/image/C4E22AQEif_c6XvCDhw/feedshare-shrink_800/0/1621017093451?e=1629331200&v=beta&t=727nlM811wMHKUSRauLgMlHj0e5FrABeqY4HKEOwUYY
https://www.linkedin.com/feed/update/urn:li:activity:6799063416947449856/,Applaudo Studios,Single image,https://media-exp3.licdn.com/dms/image/C4E22AQEFHKXgW35GMQ/feedshare-shrink_800/0/1621023038584?e=1629331200&v=beta&t=3xrhP6c6uQPpjL2sBqiDl7Q1o0J2i6mKxezxSZItPY0
https://www.linkedin.com/feed/update/urn:li:activity:6799123412989095936/,Applaudo Studios,Single image,https://media-exp3.licdn.com/dms/image/C4E22AQHxbgT5aVZHAA/feedshare-shrink_800/0/1621037342797?e=1629331200&v=beta&t=bB1FKClzkVZe3EUMR__MVDC2ofCUV6_B5rBehqs6C_k
https://www.linkedin.com/feed/update/urn:li:activity:6799151362207735808/,Applaudo Studios,Single image,https://media-exp3.licdn.com/dms/image/C4E22AQGCDG1fxrkeQg/feedshare-shrink_800/0/1621044000909?e=1629331200&v=beta&t=oHZ6RNG0uggvZ7tZuVfEXf94gUNujd-LdnEJaSZetfQ
https://www.linkedin.com/feed/update/urn:li:activity:6798064194492149760/,Applaudo Studios,Single image,https://media-exp3.licdn.com/dms/image/C4E22AQHEx2V-IgayrA/feedshare-shrink_800/0/1620784800462?e=1629331200&v=beta&t=Oe9FHCLM3qBzNwhcgJO5Hxqf4KKoDVa0idih_OxtBBw
https://www.linkedin.com/feed/update/urn:li:activity:6798304296766124033/,Applaudo Studios,Single image,https://media-exp3.licdn.com/dms/image/C4E22AQHO4SMy1eC7Sg/feedshare-shrink_800/0/1620842050323?e=1629331200&v=beta&t=6DBNFvNv1i9gNPCa9CVcKkBLLB1H_lYaseLlU19Qm8A
https://www.linkedin.com/feed/update/urn:li:activity:6796205627199815680/,Applaudo Studios,Single image,https://media-exp3.licdn.com/dms/image/C4E22AQHOt06DMZWMLg/feedshare-shrink_800/0/1620341688333?e=1629331200&v=beta&t=7AXhhaiUhxGLMjH6yCassYKCxdh5QaLKtgODK5foC-g
https://www.linkedin.com/feed/update/urn:li:activity:6796585926010183680/,Applaudo Studios,Single image,https://media-exp3.licdn.com/dms/image/C4E22AQFizhX1htUCuw/feedshare-shrink_800/0/1620432358051?e=1629331200&v=beta&t=xmTxHm6nXl6iSuXo45KM2945m335pzem3wugMNUkE-Y
https://www.linkedin.com/feed/update/urn:li:activity:6795469922949496832/,Applaudo Studios,Single image,https://media-exp3.licdn.com/dms/image/C4E22AQFm6pIzfdwVIg/feedshare-shrink_800/0/1620166282805?e=1629331200&v=beta&t=R7XrYEdwMmFlzcUmTnAKoirldLYS8xqjp7u2L1hYcf0
https://www.linkedin.com/feed/update/urn:li:activity:6795884952991932416/,Applaudo Studios,Single image,https://media-exp3.licdn.com/dms/image/C4E22AQHVqxEnr3gp2Q/feedshare-shrink_800/0/1620265233808?e=1629331200&v=beta&t=he4d8iIJg1PavAezNiDWlA06-fQwSC5TyAKKzwygrUs
https://www.linkedin.com/feed/update/urn:li:activity:6795817838092279808/,Applaudo Studios,Single image,https://media-exp3.licdn.com/dms/image/C4D22AQGtBblgKKM6pQ/feedshare-shrink_800/0/1620249231995?e=1629331200&v=beta&t=ly3x6BhIQ0Gv4sGNPFNTZwKmaTb8s9LDp-EmCdhOiuQ
https://www.linkedin.com/feed/update/urn:li:activity:6795098407359852544/,Applaudo Studios,Single image,https://media-exp3.licdn.com/dms/image/C4E22AQE37Z7bqZoDjA/feedshare-shrink_800/0/1620077705666?e=1629331200&v=beta&t=Xqvj_005YkeUtJDZ69LZB74C17DiIHJCTzve4XEV5PI
https://www.linkedin.com/feed/update/urn:li:activity:6794048994252255232/,Applaudo Studios,Single image,https://media-exp3.licdn.com/dms/image/C4E22AQHvhdPV9m4s3Q/feedshare-shrink_800/0/1619827506833?e=1629331200&v=beta&t=AO5O6hPciWxlHDwSlMdLeqH3Bi1z_EvOGw7kN8q03BY
https://www.linkedin.com/feed/update/urn:li:activity:6793217259750916096/,Applaudo Studios,Single image,https://media-exp3.licdn.com/dms/image/C4E22AQFDjW68DpYMZg/feedshare-shrink_800/0/1619629201393?e=1629331200&v=beta&t=c3Pe4-0FuVtX2vFnrlPpRI8BCKZtUhYq6CCAvZJQspI
https://www.linkedin.com/feed/update/urn:li:activity:6793664776376528896/,Applaudo Studios,Single image,https://media-exp3.licdn.com/dms/image/C4E22AQG-_iHKYUO46Q/feedshare-shrink_800/0/1619735901649?e=1629331200&v=beta&t=0Q49N3dj6-AgmSls1ooGoJgdPrjG1XYHeHeNkoC3_Vg
https://www.linkedin.com/feed/update/urn:li:activity:6794063494242197504/,Applaudo Studios,Single image,https://media-exp3.licdn.com/dms/image/C4E22AQFBForMn6_SKg/feedshare-shrink_800/0/1619830963284?e=1629331200&v=beta&t=OMUmGmqzigvnQGjJclkt66gpJGEiDqsy2RurMbMdpGc
https://www.linkedin.com/feed/update/urn:li:activity:6792432128958234624/,Applaudo Studios,Single image,https://media-exp3.licdn.com/dms/image/C4E22AQHH-zBfa2GLUA/feedshare-shrink_800/0/1619442011213?e=1629331200&v=beta&t=MBCnqpU0cw8tnm_kfbu0T_7ZWL4gLkXCj8lw_h4YA0k
https://www.linkedin.com/feed/update/urn:li:activity:6793549470148698112/,Applaudo Studios,Single image,https://media-exp3.licdn.com/dms/image/C4E22AQGl9nycLeLU7Q/feedshare-shrink_800/0/1619708411273?e=1629331200&v=beta&t=eF_t_XSDMVsKxXIX6CPsZJRQeQCPpk5NtFCXhcJLp0g
https://www.linkedin.com/feed/update/urn:li:activity:6791026312229261312/,Applaudo Studios,Single image,https://media-exp3.licdn.com/dms/image/C4E22AQFxd2cSY4UJaQ/feedshare-shrink_800/0/1619106843504?e=1629331200&v=beta&t=G6j-nYUbz6I-e-UYmU3ti0cIwAMAAXcUdPzsMbeNYWg
https://www.linkedin.com/feed/update/urn:li:activity:6790446128115589120/,Applaudo Studios,Single image,https://media-exp3.licdn.com/dms/image/C4E22AQF_mzl53zSGtQ/feedshare-shrink_800/0/1618968516097?e=1629331200&v=beta&t=Ac3iVEewN4eGmjKI7k6mgoyr7DRNbVpoe1z1nlHEdB0
https://www.linkedin.com/feed/update/urn:li:activity:6788265729729839104/,Applaudo Studios,Single image,https://media-exp3.licdn.com/dms/image/C4E22AQFDtkvgaZiCTg/feedshare-shrink_800/0/1618448669299?e=1629331200&v=beta&t=3wvrz5t04ByNNjwDLTxIx27UcesjcpkycWRmmuNN26o
https://www.linkedin.com/feed/update/urn:li:activity:6785358703672537088/,Applaudo Studios,Single image,https://media-exp3.licdn.com/dms/image/C4E22AQFaF8axUoc0fg/feedshare-shrink_800/0/1617755580177?e=1629331200&v=beta&t=e5b2UQvXSRdbfJVSnaMhJCFlAe-IQelc47v5Aa3pkxI
https://www.linkedin.com/feed/update/urn:li:activity:6786398089444954112/,Applaudo Studios,Single image,https://media-exp3.licdn.com/dms/image/C4E22AQGKvpXL22Sxyg/feedshare-shrink_800/0/1618003389239?e=1629331200&v=beta&t=yOVGx-FO22Rr_MfXHbgXinykUCiq7ODReaqv6iFQLMQ
https://www.linkedin.com/feed/update/urn:li:activity:6785003521747038208/,Applaudo Studios,Single image,https://media-exp3.licdn.com/dms/image/C4E22AQHYnPbYMvBtrw/feedshare-shrink_800/0/1617670897637?e=1629331200&v=beta&t=irDkC9lrwo0ubjQG9a53GQYHg5sxjXuMMkZySas4aSs
https://www.linkedin.com/feed/update/urn:li:activity:6786069748263251968/,Applaudo Studios,Single image,https://media-exp3.licdn.com/dms/image/C4E22AQHzzigjvcyBiw/feedshare-shrink_800/0/1617925105573?e=1629331200&v=beta&t=JkMJNKyhQ-Uo3TAILaVZYoF3uYOd98R2TwAqJ3JXVyk
https://www.linkedin.com/feed/update/urn:li:activity:6778817440445988865/,Rafael Castro,Single image,https://media-exp3.licdn.com/dms/image/C4E22AQE850OCWmmtqg/feedshare-shrink_800/0/1616196021550?e=1629331200&v=beta&t=UixYokaqVX1i--WyiSXN6eE8U8VjC2F3YK4CWhBuMMU
https://www.linkedin.com/feed/update/urn:li:activity:6781285132943847424/,Applaudo Studios,Single image,https://media-exp3.licdn.com/dms/image/C4E22AQHq0DCEnhdoAQ/feedshare-shrink_800/0/1616784365476?e=1629331200&v=beta&t=R4SNxyCQ2nos5D20UhYZDo_IZWkHIsHK_EGrwy5EK14
https://www.linkedin.com/feed/update/urn:li:activity:6780150805199671296/,Applaudo Studios,Single image,https://media-exp3.licdn.com/dms/image/C4E22AQGdrpdIzWd69A/feedshare-shrink_800/0/1616513920615?e=1629331200&v=beta&t=eL7QgFryM2eQe-nNeNfOuCUJKJMpioJtwcxtL8_ISRg
https://www.linkedin.com/feed/update/urn:li:activity:6781007897162760192/,Applaudo Studios,Single image,https://media-exp3.licdn.com/dms/image/C4E22AQFBcfhsS-bITQ/feedshare-shrink_800/0/1616718267065?e=1629331200&v=beta&t=EC1QpRQdkcfP6FF4n4-kkumF_RttMKOixoncnq7pjVY
https://www.linkedin.com/feed/update/urn:li:activity:6780954705158819840/,Applaudo Studios,Single image,https://media-exp3.licdn.com/dms/image/C4E22AQF4wlAVDKAY5g/feedshare-shrink_800/0/1616705585236?e=1629331200&v=beta&t=_BAN649vtvkenKxZV4h-zJ90eqNCZcDI4ai46pXHEbI
https://www.linkedin.com/feed/update/urn:li:activity:6780546679390183424/,Applaudo Studios,Single image,https://media-exp3.licdn.com/dms/image/C4E22AQG0Uuolv96z3g/feedshare-shrink_800/0/1616608304256?e=1629331200&v=beta&t=tHVOZeN37xt_PMi4sSyC6DBW1Pajf_H-DIxS8G3zthk
https://www.linkedin.com/feed/update/urn:li:activity:6779809842036113408/,Teletón El Salvador,Single image,https://media-exp3.licdn.com/dms/image/C5622AQEHrDDgHcRkAQ/feedshare-shrink_800/0/1616432628511?e=1629331200&v=beta&t=suAbZIYQa0UjJ7GO6V_xCk1N8Zhj2e4ScU4fsMj0W1I
https://www.linkedin.com/feed/update/urn:li:activity:6778122874449391616/,Applaudo Studios,Single image,https://media-exp3.licdn.com/dms/image/C4E22AQG2bgq0kwnALQ/feedshare-shrink_800/0/1616030424092?e=1629331200&v=beta&t=nJAXh4UfS_5rdo0Xx5zf01DV5DB1xtxS53YlE73AGqQ
https://www.linkedin.com/feed/update/urn:li:activity:6778773489462710272/,Aracely Ocón,Single image,https://media-exp3.licdn.com/dms/image/C5622AQEGBj_YmHv_4Q/feedshare-shrink_800/0/1616185542113?e=1629331200&v=beta&t=YmZUp4RJzxvYltcTEISKugcmInB0UaNNilniCHMFiz4
https://www.linkedin.com/feed/update/urn:li:activity:6777252100914196480/,César Retana,Single image,https://media-exp3.licdn.com/dms/image/C5622AQFU75xhKHHCKQ/feedshare-shrink_800/0/1615822814799?e=1629331200&v=beta&t=nv-oLnzSlOOAjNDJ-mabNiaPgR5mNZ2adIo1jf2rV3s
https://www.linkedin.com/feed/update/urn:li:activity:6777261193905102850/,Women in Cloud,Single image,https://media-exp3.licdn.com/dms/image/C4D22AQFuifp3gwSl6g/feedshare-shrink_800/0/1615824983330?e=1629331200&v=beta&t=eN5INxUGr_BFZfXNpS72StMkNM722hj3tgQ2yNfD-lM
https://www.linkedin.com/feed/update/urn:li:activity:6777409880190980096/,Applaudo Studios,Single image,https://media-exp3.licdn.com/dms/image/C4E22AQG8KXgfC1sQ-w/feedshare-shrink_800/0/1615860432941?e=1629331200&v=beta&t=ojzNpA8jbuV_qewi0nsfppZfxxl7pqGJ7tdCzeh9B-8
https://www.linkedin.com/feed/update/urn:li:activity:6774480638478307328/,Susana Espinoza,Single image,https://media-exp3.licdn.com/dms/image/C5622AQGS7wKZ8Pa6gA/feedshare-shrink_2048_1536/0/1615162037579?e=1629331200&v=beta&t=V2ByWNDs2tuDc7aWxjVmC-RXJeTJApZox7N0gim8ecU
https://www.linkedin.com/feed/update/urn:li:activity:6775103515766394881/,Oscar Castillo Chedraui,Single image,https://media-exp3.licdn.com/dms/image/C4E22AQGyeIpcyCW8uA/feedshare-shrink_800/0/1615310552750?e=1629331200&v=beta&t=B0PT1ojzYTGKnM8PipJcBrmjkE725PNTTMs124uOuPI
https://www.linkedin.com/feed/update/urn:li:activity:6776220236925480960/,Applaudo Studios,Single image,https://media-exp3.licdn.com/dms/image/C4E22AQELaUJ5EsH6rg/feedshare-shrink_800/0/1615576800158?e=1629331200&v=beta&t=tBHfw1jhpOuTWYZTM9Xi4dHmzHgZMjrvrgEEABoYlSo
https://www.linkedin.com/feed/update/urn:li:activity:6775460533354184704/,Applaudo Studios,Single image,https://media-exp3.licdn.com/dms/image/C4E22AQE6XD8RQn8DKg/feedshare-shrink_800/0/1615395672465?e=1629331200&v=beta&t=5q9mF65LUwFxoB7Z_4G5SkqsI0gJ7SqcmbyzVaw1Idk
https://www.linkedin.com/feed/update/urn:li:activity:6775222576965840896/,Applaudo Studios,Single image,https://media-exp3.licdn.com/dms/image/C4E22AQH3JR3T8zaUEw/feedshare-shrink_800/0/1615338938628?e=1629331200&v=beta&t=cQJ4KyWCbgcx6ielM_VBdG--PDhNfzYO38ossl0oSBk
https://www.linkedin.com/feed/update/urn:li:activity:6774843337905111040/,Applaudo Studios,Single image,https://media-exp3.licdn.com/dms/image/C4E22AQFagsKuYO-fGQ/feedshare-shrink_800/0/1615248521773?e=1629331200&v=beta&t=sWCPEFRISnRno7z4V2nGHHvscFyUVvl9cyFwLb2Hh3w
https://www.linkedin.com/feed/update/urn:li:activity:6773706098290548736/,Applaudo Studios,Single image,https://media-exp3.licdn.com/dms/image/C4E22AQH6b666otD_Eg/feedshare-shrink_800/0/1614977382602?e=1629331200&v=beta&t=NGUN0jZyc6xuXlKB5HgV4D6a4sQjDNuANDqGw_xhlOs
https://www.linkedin.com/feed/update/urn:li:activity:6773375140358103040/,Applaudo Studios,Single image,https://media-exp3.licdn.com/dms/image/C4E22AQGXQ95lHZBFzA/feedshare-shrink_800/0/1614898475309?e=1629331200&v=beta&t=ZFPUeH6C6gKs4vAUBS_9sm5E7WBBRrMKOdfyj9KOIwQ
https://www.linkedin.com/feed/update/urn:li:activity:6772688071377915904/,Applaudo Studios,Single image,https://media-exp3.licdn.com/dms/image/C4E22AQHgKN_NqYib8g/feedshare-shrink_800/0/1614734666212?e=1629331200&v=beta&t=k3OqcAJyD4eyg4QqDsSno6vWN_fC3qmIZRRXOvg2qZ8
https://www.linkedin.com/feed/update/urn:li:activity:6773277333123084288/,Applaudo Studios,Single image,https://media-exp3.licdn.com/dms/image/C4E22AQGbh3ZlIM2Hog/feedshare-shrink_800/0/1614875157207?e=1629331200&v=beta&t=QcMubkJdk2uN_-Dq9O1JCabXwiFD_DpUKdpVC0ImsKY
https://www.linkedin.com/feed/update/urn:li:activity:6772593263837900800/,Aracely Ocón,Single image,https://media-exp3.licdn.com/dms/image/C5622AQEUZ1rLn-SX2A/feedshare-shrink_800/0/1614712062346?e=1629331200&v=beta&t=f-r33o6eG0GfYI3HBcifNOGDz1cb_zAlYPKmaVm0ANc
https://www.linkedin.com/feed/update/urn:li:activity:6771121670703915008/,Applaudo Studios,Single image,https://media-exp3.licdn.com/dms/image/C4E22AQFeX-VJMIaHmg/feedshare-shrink_800/0/1614361207114?e=1629331200&v=beta&t=5Uuih7v7t2LKzSZ5nxWjB82gt6P2mCgQRqsmIGtdbS0
https://www.linkedin.com/feed/update/urn:li:activity:6771534774071803904/,Applaudo Studios,Single image,https://media-exp3.licdn.com/dms/image/C4E22AQFbnB5bc8tR5w/feedshare-shrink_800/0/1614459697824?e=1629331200&v=beta&t=AZFFvEnadioT0n-GuRYz86ZPhKqjbGGzeNmywhOz55c
https://www.linkedin.com/feed/update/urn:li:activity:6771195751029620736/,Applaudo Studios,Single image,https://media-exp3.licdn.com/dms/image/C4E22AQGxmA5aQ-pxOg/feedshare-shrink_800/0/1614378869308?e=1629331200&v=beta&t=YFzH8J1-Aa5eyq8bLPNbDpz8WmNRnsJuhgCZpx3D3pk
https://www.linkedin.com/feed/update/urn:li:activity:6770509992559685632/,Applaudo Studios,Single image,https://media-exp3.licdn.com/dms/image/C4D22AQGt9IiT6RQ7pA/feedshare-shrink_800/0/1614215371861?e=1629331200&v=beta&t=pBJUlGcFfHS766szX0YJlb8GKj2zZ7NynX4UROgIDrY
https://www.linkedin.com/feed/update/urn:li:activity:6769762901285769216/,Applaudo Studios,Single image,https://media-exp3.licdn.com/dms/image/C4E22AQGixmxXHDQKVA/feedshare-shrink_800/0/1614037250508?e=1629331200&v=beta&t=HltMxEkdR0GVihl0DU_vQML9dJMTsCDNDqaXlPA9fpM
https://www.linkedin.com/feed/update/urn:li:activity:6770099105105534977/,Applaudo Studios,Single image,https://media-exp3.licdn.com/dms/image/C4E22AQHIMi_1mzLngw/feedshare-shrink_800/0/1614117407842?e=1629331200&v=beta&t=MXavyRlQUCOXEtuVU7acKkHSOKUdaDSnrHWfoQnyJJw
https://www.linkedin.com/feed/update/urn:li:activity:6768275137939742720/,Applaudo Studios,Single image,https://media-exp3.licdn.com/dms/image/C4E22AQExVKtUMUIBPQ/feedshare-shrink_800/0/1613682540055?e=1629331200&v=beta&t=9uQUhe477Pc22yec01oynE3exVbwoU5_IECqlNVZuYw
https://www.linkedin.com/feed/update/urn:li:activity:6768668961631481856/,Applaudo Studios,Single image,https://media-exp3.licdn.com/dms/image/C4E22AQFjctfKON4Lqw/feedshare-shrink_800/0/1613776435919?e=1629331200&v=beta&t=cpOIe5pZQlwrdXU_2cmagEAzinQb6rtyfOgylkROFbs
https://www.linkedin.com/feed/update/urn:li:activity:6768275320383574016/,Applaudo Studios,Single image,https://media-exp3.licdn.com/dms/image/C4E22AQGqS9HsYM6zLw/feedshare-shrink_800/0/1613682583807?e=1629331200&v=beta&t=OCZ-cZQIII8y_bCPWchBFiaiu6eGtnCu7wpxnPZOzRs
https://www.linkedin.com/feed/update/urn:li:activity:6768275011485646848/,Applaudo Studios,Single image,https://media-exp3.licdn.com/dms/image/C4E22AQHaU0DaJqca2g/feedshare-shrink_800/0/1613682510694?e=1629331200&v=beta&t=CXbH5iaepIugGEaYCrCME__eI_wcirQZGy5aeB3E2SY
https://www.linkedin.com/feed/update/urn:li:activity:6768275208202698752/,Applaudo Studios,Single image,https://media-exp3.licdn.com/dms/image/C4E22AQHKy-BqJ0rFDg/feedshare-shrink_800/0/1613682556846?e=1629331200&v=beta&t=WypB0TT87NtcqQtoE9AAlCPUhvx7-2MzIIi9w42N3PM
https://www.linkedin.com/feed/update/urn:li:activity:6768275077961175040/,Applaudo Studios,Single image,https://media-exp3.licdn.com/dms/image/C4E22AQE1vTUw4a8Zng/feedshare-shrink_800/0/1613682526385?e=1629331200&v=beta&t=d4OYaS4NBmQiI4iOeE1mNBvGUUhBZMNPnBMaJDoAKrc
https://www.linkedin.com/feed/update/urn:li:activity:6767141328745758720/,Applaudo Studios,Single image,https://media-exp3.licdn.com/dms/image/C4E22AQH4DpsfuUA0Gw/feedshare-shrink_800/0/1613412219486?e=1629331200&v=beta&t=dlQQ6L6viav9IgIjzyjWgn55xJlq4kSGM259J83YRjc
https://www.linkedin.com/feed/update/urn:li:activity:6765077290238980096/,Applaudo Studios,Single image,https://media-exp3.licdn.com/dms/image/C4E22AQE_DGzXQQbUig/feedshare-shrink_800/0/1612920114306?e=1629331200&v=beta&t=XhaCKmtVtP2LCudljNeMxPEX9BA6Gp8iBRiBiBj3LGI
https://www.linkedin.com/feed/update/urn:li:activity:6765439367289827328/,Applaudo Studios,Single image,https://media-exp3.licdn.com/dms/image/C4D22AQHHcjYCnMULVw/feedshare-shrink_800/0/1613006440576?e=1629331200&v=beta&t=WAupNK_GSc6llRnzUjKD0uxnMfy3aBDphjfc4FpmbD0
https://www.linkedin.com/feed/update/urn:li:activity:6762854353956020224/,Katina Kenyon,Single image,https://media-exp3.licdn.com/dms/image/C4D22AQGHOeKYuwdHuw/feedshare-shrink_800/0/1612390124493?e=1629331200&v=beta&t=Jw8PvBp9GPdJcQp4F3cyDpU8lbgUDOtD8Hk3YQPAjcw
https://www.linkedin.com/feed/update/urn:li:activity:6764563875707842562/,Applaudo Studios,Single image,https://media-exp3.licdn.com/dms/image/C4E22AQG5CDTQxnPoog/feedshare-shrink_800/0/1612797706467?e=1629331200&v=beta&t=WcW9yldW8dWT4TdQ-kqPsKSSZCpUiKYRb0QPJcaLJ8w
https://www.linkedin.com/feed/update/urn:li:activity:6764711462414934016/,Applaudo Studios,Single image,https://media-exp3.licdn.com/dms/image/C4E22AQFqa1PgPHcMmA/feedshare-shrink_800/0/1612832894279?e=1629331200&v=beta&t=BObXUanLXREyoZ4P3xNYupP3izFdxzzOhx1encoBo2M
https://www.linkedin.com/feed/update/urn:li:activity:6762908613456527360/,Applaudo Studios,Single image,https://media-exp3.licdn.com/dms/image/C4E22AQEITQ75lUUySA/feedshare-shrink_800/0/1612403061019?e=1629331200&v=beta&t=qHQ54htgPGgCnEbq6hfEpcSxHdC93T8B15k53KBDJ1o
https://www.linkedin.com/feed/update/urn:li:activity:6761455244091248640/,Oscar Castillo Chedraui,Single image,https://media-exp3.licdn.com/dms/image/C5622AQFvmOINp77ATA/feedshare-shrink_2048_1536/0/1612056545279?e=1629331200&v=beta&t=IwJ83fgEZdFEQWuLEMMEzoXNmRWyo9_F92qNc5qTsCk
https://www.linkedin.com/feed/update/urn:li:activity:6763610863103479808/,Applaudo Studios,Single image,https://media-exp3.licdn.com/dms/image/C4E22AQHobGO-1anQEQ/feedshare-shrink_800/0/1612570491061?e=1629331200&v=beta&t=uHwrGTxVoSTL1pFtcJ-iy4_rQSVL10o-jRkdGIbX9JY
https://www.linkedin.com/feed/update/urn:li:activity:6762106384302563328/,Applaudo Studios,Single image,https://media-exp3.licdn.com/dms/image/C4E22AQFjUhGM9ooh8g/feedshare-shrink_800/0/1612211794786?e=1629331200&v=beta&t=MfMhdcMZcfu2yyPnQmV7bJ7AZXTaH9_iqCNMGpT8nv0
https://www.linkedin.com/feed/update/urn:li:activity:6759956606768738304/,Applaudo Studios,Single image,https://media-exp3.licdn.com/dms/image/C4E22AQGEWavYz6xTjg/feedshare-shrink_800/0/1611699247619?e=1629331200&v=beta&t=jWXr-KjODHBADkmoKdgwjk7DN34hbjQjuFHCW_NKekk
https://www.linkedin.com/feed/update/urn:li:activity:6759582239056629760/,César Retana,Single image,https://media-exp3.licdn.com/dms/image/C5622AQE2vXrq-TDWYA/feedshare-shrink_800/0/1611609991497?e=1629331200&v=beta&t=Shtudr4lswIR_KVsiUH4-x_W9jW49Ni5XsAQLloxybA
https://www.linkedin.com/feed/update/urn:li:activity:6758433649777016834/,Applaudo Studios,Single image,https://media-exp3.licdn.com/dms/image/C4E22AQFOSI9syMRx8A/feedshare-shrink_800/0/1611336147339?e=1629331200&v=beta&t=GC7kb8my1vE0v4ph5Ef9iAvxnd3q-na8H3-4pnzzdII
https://www.linkedin.com/feed/update/urn:li:activity:6759636335339876353/,Applaudo Studios,Single image,https://media-exp3.licdn.com/dms/image/C4E22AQHv76vMEcbN8w/feedshare-shrink_800/0/1611622889774?e=1629331200&v=beta&t=v3MO2kzoFLj4lvdz1OXBMJwArFAyW3gKajqg6pDxQv4
https://www.linkedin.com/feed/update/urn:li:activity:6757405578252845056/,Applaudo Studios,Single image,https://media-exp3.licdn.com/dms/image/C4D22AQH7AuLdHe4h0A/feedshare-shrink_800/0/1611091035916?e=1629331200&v=beta&t=QqdjoMGY6ViFpQk2SZydPdWmrU5DiMPNwWMHuh7IsDU
https://www.linkedin.com/feed/update/urn:li:activity:6757705850892165120/,Applaudo Studios,Single image,https://media-exp3.licdn.com/dms/image/C4E22AQHK4235C8NOwA/feedshare-shrink_800/0/1611162625531?e=1629331200&v=beta&t=sOsBFjV__eIauMTA9DyJCtHHwjq075vixhVYia1Ko-U
https://www.linkedin.com/feed/update/urn:li:activity:6757102459677663234/,Applaudo Studios,Single image,https://media-exp3.licdn.com/dms/image/C4E22AQFjfzjybJ8t1g/feedshare-shrink_800/0/1611018766015?e=1629331200&v=beta&t=6ss8Mbl5qUZX-nf4clIsbsJad2eZYI8QGS-MHvDRcdw
https://www.linkedin.com/feed/update/urn:li:activity:6755982448686886912/,Applaudo Studios,Single image,https://media-exp3.licdn.com/dms/image/C4E22AQFiUBvZtSYnIw/feedshare-shrink_800/0/1610751735207?e=1629331200&v=beta&t=PHzjhChkjxobH-HwWkqG2gjpP772lSQDail3moI7s1M
https://www.linkedin.com/feed/update/urn:li:activity:6755534132408852480/,Applaudo Studios,Single image,https://media-exp3.licdn.com/dms/image/C4E22AQHC3Yx8dTowsw/feedshare-shrink_800/0/1610644848300?e=1629331200&v=beta&t=ABKuVNXqyaVIcBW8mmPgy8s_FtamH87Dkl5bfHeielY
https://www.linkedin.com/feed/update/urn:li:activity:6755887968914870272/,Applaudo Studios,Single image,https://media-exp3.licdn.com/dms/image/C4E22AQE-XBOkR_NUvg/feedshare-shrink_800/0/1610729209464?e=1629331200&v=beta&t=zc0Q4_52bQP1LKx89YKTWXJBJgAQPVi48TKbYGY_tGw
https://www.linkedin.com/feed/update/urn:li:activity:6755288666878316544/,Applaudo Studios,Single image,https://media-exp3.licdn.com/dms/image/C4D22AQEWaWdnSyKiZg/feedshare-shrink_800/0/1610586324792?e=1629331200&v=beta&t=3Ac38qAL4RjWHKKJjqX3FMwqD8JiK1IYx1QcFvgrzBA
https://www.linkedin.com/feed/update/urn:li:activity:6755247052659200000/,Applaudo Studios,Single image,https://media-exp3.licdn.com/dms/image/C4E22AQEqrNWoRpLI_A/feedshare-shrink_800/0/1610576402913?e=1629331200&v=beta&t=NCOpY5qaHVR28n5GVA1wRB8fXVQDTICd9kqbM2ZjF8Y
https://www.linkedin.com/feed/update/urn:li:activity:6754565033285480448/,Applaudo Studios,Single image,https://media-exp3.licdn.com/dms/image/C4E22AQHJX0tmq1A7Lw/feedshare-shrink_800/0/1610413797115?e=1629331200&v=beta&t=wOoE5JZseAVuhpLvfbwOnS5UpVLeeqwBYBbRxS_Gf48
https://www.linkedin.com/feed/update/urn:li:activity:6753385420500852736/,Applaudo Studios,Single image,https://media-exp3.licdn.com/dms/image/C4E22AQEL7Mi4NA8w1g/feedshare-shrink_800/0/1610132555407?e=1629331200&v=beta&t=dYYKGuI0nKfdgN3MritfxPvi6bLPStQzSEKjMTVyNio
https://www.linkedin.com/feed/update/urn:li:activity:6753415208426909696/,Applaudo Studios,Single image,https://media-exp3.licdn.com/dms/image/C4E22AQHrePNY80DL0g/feedshare-shrink_800/0/1610139657130?e=1629331200&v=beta&t=BiDIn6EKy2INVdGUBzUZHWFquXEF2wH0GlJyqlUZkTY
https://www.linkedin.com/feed/update/urn:li:activity:6752390353262850048/,Applaudo Studios,Single image,https://media-exp3.licdn.com/dms/image/C4E22AQEn2zoiMHMOvg/feedshare-shrink_800/0/1609895312970?e=1629331200&v=beta&t=gmH40K5ke1-wl8mQcIj0qoldJ_7jHYldBmnvZjwk31U
https://www.linkedin.com/feed/update/urn:li:activity:6752753763360014336/,Applaudo Studios,Single image,https://media-exp3.licdn.com/dms/image/C4E22AQGFYgRNM0oQjQ/feedshare-shrink_800/0/1609981956758?e=1629331200&v=beta&t=azXDPk_LtMny35aMkAVtTF28ojjMI5vgyVINuTj7lk8
https://www.linkedin.com/feed/update/urn:li:activity:6749333216676638720/,Applaudo Studios,Single image,https://media-exp3.licdn.com/dms/image/C4E22AQEU8tvtMgMbvw/feedshare-shrink_800/0/1609166434682?e=1629331200&v=beta&t=xh2a7z6XY-uA1m7WH5dIHvmBEJp2rYSVC7w3hzrZHRE
https://www.linkedin.com/feed/update/urn:li:activity:6747683779252420608/,Applaudo Studios,Single image,https://media-exp3.licdn.com/dms/image/C4E22AQExF_Vd9jexNA/feedshare-shrink_800/0/1608773178309?e=1629331200&v=beta&t=HqLrpPJP9VMasqtFaBK-glUkkImZmF9SJCHOJ3D2hRM
https://www.linkedin.com/feed/update/urn:li:activity:6747636871611977728/,Tatiana Barrios,Single image,https://media-exp3.licdn.com/dms/image/C5622AQFvJxIteq7BJg/feedshare-shrink_800/0/1608761993978?e=1629331200&v=beta&t=olphG7aujsih5HAsyyGd7FNywr5019O2Ic3z24631U0
https://www.linkedin.com/feed/update/urn:li:activity:6745437407161794560/,César Retana,Single image,https://media-exp3.licdn.com/dms/image/C5622AQGJsHsI2kSwOA/feedshare-shrink_800/0/1608237600590?e=1629331200&v=beta&t=utmdIT589ZNZ0-KRcnRTf6QnWAmCUbmmwVX2A8RscF8
https://www.linkedin.com/feed/update/urn:li:activity:6747623599420583937/,Carmen Escobar,Single image,https://media-exp3.licdn.com/dms/image/C4E22AQEIe8eJ7FfJEg/feedshare-shrink_800/0/1608758829825?e=1629331200&v=beta&t=MbU6AAKSD204q4rcrwMK_OXcgo1E2MxqUd9uyU4Obn4
https://www.linkedin.com/feed/update/urn:li:activity:6746793037998960640/,Applaudo Studios,Single image,https://media-exp3.licdn.com/dms/image/C4E22AQHjq0BPZlnRzQ/feedshare-shrink_800/0/1608560808938?e=1629331200&v=beta&t=KgUiXUmbkSdux1Zcq14UvwQEI_uF5mrjKRU46S6k_6E
https://www.linkedin.com/feed/update/urn:li:activity:6745738596831047680/,Applaudo Studios,Single image,https://media-exp3.licdn.com/dms/image/C4E22AQElb3xBij76ww/feedshare-shrink_800/0/1608309410108?e=1629331200&v=beta&t=rfGebFgdAZWZ2B36DlbmeHqZSrDvT3zk8ef2_gFxVTw
https://www.linkedin.com/feed/update/urn:li:activity:6745141689356226560/,Applaudo Studios,Single image,https://media-exp3.licdn.com/dms/image/C4E22AQHkNQ4nNSQ-OQ/feedshare-shrink_800/0/1608167096912?e=1629331200&v=beta&t=zYAxbMc19Lh9evG6IUI43V74lviz1TwUPWwHdNhAwXg
https://www.linkedin.com/feed/update/urn:li:activity:6744718389098426368/,Applaudo Studios,Single image,https://media-exp3.licdn.com/dms/image/C4E22AQHGAUSCR38HYw/feedshare-shrink_800/0/1608066174334?e=1629331200&v=beta&t=q66zSk4zeP2nwc4aiicTCbER83gNevSPyXBXAXcnbPk
https://www.linkedin.com/feed/update/urn:li:activity:6741765497823518720/,Andrea Cuellar,Single image,https://media-exp3.licdn.com/dms/image/C4E22AQFP22x6iNYA0w/feedshare-shrink_800/0/1607362149394?e=1629331200&v=beta&t=1WYTCleSLrM4nPoR1AI4FpupqLTCXcJNHtWQ1dqlD8w
https://www.linkedin.com/feed/update/urn:li:activity:6744415443122999296/,Applaudo Studios,Single image,https://media-exp3.licdn.com/dms/image/C4E22AQHBQ37cmQ4RTA/feedshare-shrink_800/0/1607993945505?e=1629331200&v=beta&t=TQnu96f1yZDgkrsC9z-WfkF6s-o1NVGl6-iCk49A9E8
https://www.linkedin.com/feed/update/urn:li:activity:6739702259799650304/,Applaudo Studios,Single image,https://media-exp3.licdn.com/dms/image/C4E22AQGZ44DvagU-sA/feedshare-shrink_800/0/1606870234815?e=1629331200&v=beta&t=Pl7rUdo1vs9R59BTkxq0wEOWLPsURv_KcYmefR3snwY
https://www.linkedin.com/feed/update/urn:li:activity:6743176299814170624/,Applaudo Studios,Single image,https://media-exp3.licdn.com/dms/image/C4E22AQEK01CeOLzLfg/feedshare-shrink_800/0/1607698511453?e=1629331200&v=beta&t=ZVaiTQjjqyE_QzzPfQdXMM8uMdlqopDyFWFOb1myArU
https://www.linkedin.com/feed/update/urn:li:activity:6741862348472029184/,Applaudo Studios,Single image,https://media-exp3.licdn.com/dms/image/C4E22AQGb0ODtv1CUNg/feedshare-shrink_800/0/1607385241185?e=1629331200&v=beta&t=_a9F4d7lI3QRk_JGPj4KT1lZN7KEgP3ahpqB2uEjpq0
https://www.linkedin.com/feed/update/urn:li:activity:6740705964632154112/,Applaudo Studios,Single image,https://media-exp3.licdn.com/dms/image/C4E22AQGyXwjwSmTzFQ/feedshare-shrink_800/0/1607109537059?e=1629331200&v=beta&t=2I2APMNLgJ_DncN0XE9EYrxhMlQRx7uPfJ7BlHDf7ho
https://www.linkedin.com/feed/update/urn:li:activity:6740412933207035904/,Applaudo Studios,Single image,https://media-exp3.licdn.com/dms/image/C4D22AQHv7rKsbh-y4g/feedshare-shrink_800/0/1607039673751?e=1629331200&v=beta&t=cVpi8msCtuN8hcUxcIRRprfKfGNxaT907DYY5gFZv2c
https://www.linkedin.com/feed/update/urn:li:activity:6739941198158471168/,Applaudo Studios,Single image,https://media-exp3.licdn.com/dms/image/C4E22AQF6-Y5kkvMxRA/feedshare-shrink_800/0/1606927203192?e=1629331200&v=beta&t=KNfWFoFeeE7cVHQjNTbaGMltWcqELdwh3xVfzEwbzoI
https://www.linkedin.com/feed/update/urn:li:activity:6739318892528775168/,Applaudo Studios,Single image,https://media-exp3.licdn.com/dms/image/C4E22AQHSoInrobNVng/feedshare-shrink_800/0/1606778833931?e=1629331200&v=beta&t=prnlfJSo2_ARwxTyNySY-KYpmjqpXK6on6cLrgJx-1o
https://www.linkedin.com/feed/update/urn:li:activity:6738214856656269312/,Applaudo Studios,Single image,https://media-exp3.licdn.com/dms/image/C4E22AQGGkbibm1xXgg/feedshare-shrink_800/0/1606515611138?e=1629331200&v=beta&t=Lk_LT3ZpBeIdpwfchLtaXtiQ_Jti-TKCw-jqcj8ro88
https://www.linkedin.com/feed/update/urn:li:activity:6739221788896620544/,Applaudo Studios,Single image,https://media-exp3.licdn.com/dms/image/C4E22AQGKZDEHcZKmzQ/feedshare-shrink_800/0/1606755682623?e=1629331200&v=beta&t=lovdvnxyISbYlYLiXVxCIjjcLeAquP4R_kgqrXoVlwA
https://www.linkedin.com/feed/update/urn:li:activity:6737783164799909888/,Applaudo Studios,Single image,https://media-exp3.licdn.com/dms/image/C4E22AQErLIf5QSwPHA/feedshare-shrink_800/0/1606412687553?e=1629331200&v=beta&t=zWktPc-QqiZXw2hrW6hwPATyFGd5OO7R-ADyabqWsSA
https://www.linkedin.com/feed/update/urn:li:activity:6737402038080024576/,Women in Cloud,Single image,https://media-exp3.licdn.com/dms/image/C4D22AQGpRQ1cIjPabQ/feedshare-shrink_800/0/1606321820752?e=1629331200&v=beta&t=XvElHTPkW7lO1V8nI4xgRj-CfmHIfEwW39g_6NSnQ7Q
https://www.linkedin.com/feed/update/urn:li:activity:6735625447570251776/,Applaudo Studios,Single image,https://media-exp3.licdn.com/dms/image/C4E22AQGU1oeitzyxgQ/feedshare-shrink_800/0/1605898247401?e=1629331200&v=beta&t=r7Ut8cmdKcAub2P6pIw6XDWJmpHVMbgfM9x7YaDL-GY
https://www.linkedin.com/feed/update/urn:li:activity:6735697370887020544/,Applaudo Studios,Single image,https://media-exp3.licdn.com/dms/image/C4D22AQF9m8kmxWI1Kg/feedshare-shrink_800/0/1605915395223?e=1629331200&v=beta&t=ftAipTj08LSAeyZyXvqcxTgY6BfH-N7SsV7UojPanhU
https://www.linkedin.com/feed/update/urn:li:activity:6735251963908280321/,Applaudo Studios,Single image,https://media-exp3.licdn.com/dms/image/C4E22AQGjdgdUbl1m5A/feedshare-shrink_800/0/1605809202615?e=1629331200&v=beta&t=35fo16wR-E1UAGvM1mgZFT9yqEDXu2TJRMc3Y9xq_fs
https://www.linkedin.com/feed/update/urn:li:activity:6734494963444289536/,Rafael Castro,Single image,https://media-exp3.licdn.com/dms/image/C4D22AQHRjV6SGoHdTw/feedshare-shrink_800/0/1605628718642?e=1629331200&v=beta&t=hTTmmLAtS94uKL_wlCYHToBrXG9_guw790OsR_x9paA
https://www.linkedin.com/feed/update/urn:li:activity:6734254031000227840/,César Sánchez,Single image,https://media-exp3.licdn.com/dms/image/C5622AQGXH55-6a5ZsA/feedshare-shrink_800/0/1605571276059?e=1629331200&v=beta&t=dzNz-viJAhuR5xh8W_md5LABZsgEU0scKrcHergI6MI
https://www.linkedin.com/feed/update/urn:li:activity:6734638500223729664/,Applaudo Studios,Single image,https://media-exp3.licdn.com/dms/image/C4E22AQF8-UcXwLkIdQ/feedshare-shrink_800/0/1605662941106?e=1629331200&v=beta&t=Fe-fL58MjaesDMxRcekunVMsQMW1OUGkaHlP8hUvxuk
https://www.linkedin.com/feed/update/urn:li:activity:6734507409416568832/,Aracely Ocón,Single image,https://media-exp3.licdn.com/dms/image/C5622AQH79HI5Ok8vJQ/feedshare-shrink_800/0/1605631686136?e=1629331200&v=beta&t=FJZYydM3KFqDTos8waj5ZxmnnRL8bAvCwhZ0ZPS9i2M
https://www.linkedin.com/feed/update/urn:li:activity:6733071677963460608/,Applaudo Studios,Single image,https://media-exp3.licdn.com/dms/image/C4E22AQHvrNTGkScxmQ/feedshare-shrink_800/0/1605289382013?e=1629331200&v=beta&t=ZOlBLIEqL5KMpR1sw5PDTOjk2NcaBg878_qURSJwY0o
https://www.linkedin.com/feed/update/urn:li:activity:6732832270589165568/,Applaudo Studios,Single image,https://media-exp3.licdn.com/dms/image/C4D22AQGEKx7Tk0QF-A/feedshare-shrink_800/0/1605232301996?e=1629331200&v=beta&t=5WetoW1vkFxOLSdFMps1TVJM2dC2VmutinUrYuppa0o
https://www.linkedin.com/feed/update/urn:li:activity:6732043059300769792/,Applaudo Studios,Single image,https://media-exp3.licdn.com/dms/image/C4E22AQEGSOzgWP7A1w/feedshare-shrink_800/0/1605044139271?e=1629331200&v=beta&t=YcV-314tqNXBPxL3iLZ1sx0YY81ljvXRz_dD5Qm848I
https://www.linkedin.com/feed/update/urn:li:activity:6731754527030091776/,Applaudo Studios,Single image,https://media-exp3.licdn.com/dms/image/C4E22AQE0PbRIJCz0Kg/feedshare-shrink_800/0/1604975347974?e=1629331200&v=beta&t=I3q2ZVIMPAigjZeKNxpxw0G9sPhwbZ82dDNtE4CdIqc
https://www.linkedin.com/feed/update/urn:li:activity:6732395074304389120/,Applaudo Studios,Single image,https://media-exp3.licdn.com/dms/image/C4D22AQHhJo8OIr62Hw/feedshare-shrink_800/0/1605128066520?e=1629331200&v=beta&t=3s4HuDp7ZVN0LtfMMHaN4ch8Fzxlt73NRfkh2W4HoIc
https://www.linkedin.com/feed/update/urn:li:activity:6730274719494389760/,Applaudo Studios,Single image,https://media-exp3.licdn.com/dms/image/C4E22AQGOLXL7zagScA/feedshare-shrink_800/0/1604622535182?e=1629331200&v=beta&t=rTAnkL7sPJJGm4J_UnKG-PxOYD1vqLnp2BCsn8mkfaI
https://www.linkedin.com/feed/update/urn:li:activity:6730599028762968065/,Applaudo Studios,Single image,https://media-exp3.licdn.com/dms/image/C4E22AQGRq_cZohALEA/feedshare-shrink_800/0/1604699856445?e=1629331200&v=beta&t=-wQdeVCtytLdKpOjq8gxos6J4_OwSnpWk2HfFx9pq9w
https://www.linkedin.com/feed/update/urn:li:activity:6729889439054663680/,Applaudo Studios,Single image,https://media-exp3.licdn.com/dms/image/C4E22AQHdGcsJmdnl6Q/feedshare-shrink_800/0/1604530676350?e=1629331200&v=beta&t=SyKLLK0TTqlmumPF-vvrvJjUf0udi9gdb2QdApsSVLk
https://www.linkedin.com/feed/update/urn:li:activity:6729439550470459392/,Applaudo Studios,Single image,https://media-exp3.licdn.com/dms/image/C4E22AQGNF-40TRRWcQ/feedshare-shrink_800/0/1604423415443?e=1629331200&v=beta&t=UEzMvSP0Ux7yq8ixHMRBcLpYPH3zfEa6G936zQhtI2g
https://www.linkedin.com/feed/update/urn:li:activity:6726538139998965761/,Applaudo Studios,Single image,https://media-exp3.licdn.com/dms/image/C4E22AQF2DQvPPRX32A/feedshare-shrink_800/0/1603731665139?e=1629331200&v=beta&t=h1LlGlxe2l6bnQTozHiDNTYUdQZnqWs_POeo-jJyxds
https://www.linkedin.com/feed/update/urn:li:activity:6727962634592800769/,Applaudo Studios,Single image,https://media-exp3.licdn.com/dms/image/C4E22AQFP8GpaIXVbMw/feedshare-shrink_800/0/1604071290317?e=1629331200&v=beta&t=HpHba0URxRn4_PvVOC0jplIwYNr6MpJI5dedcYXnSJs
https://www.linkedin.com/feed/update/urn:li:activity:6727248265240227840/,Applaudo Studios,Single image,https://media-exp3.licdn.com/dms/image/C4E22AQEv-9LLCINxzQ/feedshare-shrink_800/0/1603900971491?e=1629331200&v=beta&t=53bPUR4fWRMsvZS1AK4MglwQoVrNlfvBCabLXxeKhFU
https://www.linkedin.com/feed/update/urn:li:activity:6724806569856434176/,Applaudo Studios,Single image,https://media-exp3.licdn.com/dms/image/C4E22AQHCb_RS8UVmjA/feedshare-shrink_800/0/1603318825965?e=1629331200&v=beta&t=Uw1--TRmYGuAYSMpjjDZPiuoGSwQ2CxL5j8EaHNXvgQ
https://www.linkedin.com/feed/update/urn:li:activity:6725106054113374209/,Applaudo Studios,Single image,https://media-exp3.licdn.com/dms/image/C4E22AQGsH4FM16IWZg/feedshare-shrink_800/0/1603390229140?e=1629331200&v=beta&t=g48gxt5egWgiejHqFJB3_FpjFYDEa8Ww_X-d_7D2NQc
https://www.linkedin.com/feed/update/urn:li:activity:6725455390630313984/,Applaudo Studios,Single image,https://media-exp3.licdn.com/dms/image/C4E22AQFgfv4Qfbrz5w/feedshare-shrink_800/0/1603473517577?e=1629331200&v=beta&t=_SqruYBJSsk5n6Ya97OmhMp_hBzJ1ISzxUNG9hR70nc
https://www.linkedin.com/feed/update/urn:li:activity:6724425525642752000/,Applaudo Studios,Single image,https://media-exp3.licdn.com/dms/image/C4E22AQELhMACei9hig/feedshare-shrink_800/0/1603227978287?e=1629331200&v=beta&t=1tjbEVnfMkCFsgw9gHtv6NFT8bdFjxrRoMZZeH6Rb78
https://www.linkedin.com/feed/update/urn:li:activity:6724128622820564992/,Applaudo Studios,Single image,https://media-exp3.licdn.com/dms/image/C4E22AQHkt-rt_psziQ/feedshare-shrink_800/0/1603157190971?e=1629331200&v=beta&t=Ep4TXP1aIfg0QR-sYrSFbiydApKBVJCf4Vpx6HZ4kuA
https://www.linkedin.com/feed/update/urn:li:activity:6722647288377815040/,Ricky Bonilla,Single image,https://media-exp3.licdn.com/dms/image/C4D22AQFV1loW-e9wjw/feedshare-shrink_2048_1536/0/1602804013823?e=1629331200&v=beta&t=wqqVLA0ye9VSTwfMpC4m0XIEQioRgHTdpjIWZxBAqXE
https://www.linkedin.com/feed/update/urn:li:activity:6721432969468276736/,Monica Escrich,Single image,https://media-exp3.licdn.com/dms/image/C4E22AQF83Xj31OxsxQ/feedshare-shrink_800/0/1602514497642?e=1629331200&v=beta&t=I257dPsEMaotYJwfK_oNB24JX6VAZa8-6G99zxylg70
https://www.linkedin.com/feed/update/urn:li:activity:6721954460416966656/,Applaudo Studios,Single image,https://media-exp3.licdn.com/dms/image/C4E22AQGhfGEv1icFcg/feedshare-shrink_800/0/1602638830036?e=1629331200&v=beta&t=VftyUGh0Y7XfQccvZohlNB61wjVnINPTLqa6sD8_9N8
https://www.linkedin.com/feed/update/urn:li:activity:6722978287225774081/,Applaudo Studios,Single image,https://media-exp3.licdn.com/dms/image/C4E22AQGBz2MQx2f7LA/feedshare-shrink_800/0/1602882929293?e=1629331200&v=beta&t=5p8PXSJr-CjLl8P69V14TB4_ZDZbH_C9TZgVIXJsZNo
https://www.linkedin.com/feed/update/urn:li:activity:6721577801805307904/,Applaudo Studios,Single image,https://media-exp3.licdn.com/dms/image/C4E22AQFxbyTrYQscWg/feedshare-shrink_800/0/1602549028417?e=1629331200&v=beta&t=iFgFXMiWiKPEC76d24L0fnTAG2KioDd5FxuF-7ZeGDY
https://www.linkedin.com/feed/update/urn:li:activity:6721798791931994112/,Applaudo Studios,Single image,https://media-exp3.licdn.com/dms/image/C4E22AQG0q-GrMna_dw/feedshare-shrink_800/0/1602601716555?e=1629331200&v=beta&t=S5_Q6fz2ls5NWiW2e5U6oSIsF02Fe351cfqs-ANEdmc
https://www.linkedin.com/feed/update/urn:li:activity:6722901827572051968/,Applaudo Studios,Single image,https://media-exp3.licdn.com/dms/image/C4E22AQHoI8VCf-N9iQ/feedshare-shrink_800/0/1602864700603?e=1629331200&v=beta&t=rqLv6vVBtv5IWPkBcIzh7pwoaSJXmcro0bB1D0V9D-8
https://www.linkedin.com/feed/update/urn:li:activity:6721769433217540096/,Katina Kenyon,Single image,https://media-exp3.licdn.com/dms/image/C5622AQG140NIMizPIw/feedshare-shrink_800/0/1602594716612?e=1629331200&v=beta&t=hmu61K9541EZGFSpvMzvkPBxqZiUaHtPtXpqkFWzhGs
https://www.linkedin.com/feed/update/urn:li:activity:6719635065074171904/,Applaudo Studios,Single image,https://media-exp3.licdn.com/dms/image/C4E22AQG-2VI4df88tw/feedshare-shrink_800/0/1602085843002?e=1629331200&v=beta&t=9uTd9_-fiKmfWl1xgYYvEWQKBZw1YKbLHgFFnHPpKs0
https://www.linkedin.com/feed/update/urn:li:activity:6721450547620188160/,Applaudo Studios,Single image,https://media-exp3.licdn.com/dms/image/C4E22AQH0MRZnrCp3Ig/feedshare-shrink_800/0/1602518687798?e=1629331200&v=beta&t=6-vXnPFBzAxvftqyfFMieH0jFWtBsn2d_5UmwQX_u1s
https://www.linkedin.com/feed/update/urn:li:activity:6720122305982275584/,Applaudo Studios,Single image,https://media-exp3.licdn.com/dms/image/C4D22AQFs2Bw85qZLUA/feedshare-shrink_800/0/1602202010346?e=1629331200&v=beta&t=ulMUohnHL9qGhmjrfNY3TNkSl18rZ8DVVMJI3n_kbIU
https://www.linkedin.com/feed/update/urn:li:activity:6717465743291752448/,Umberto Gonnella,Single image,https://media-exp3.licdn.com/dms/image/C5622AQHpI3OpXnRKNg/feedshare-shrink_800/0/1601568636056?e=1629331200&v=beta&t=3Ihx-tPQPWMpppb5Tm2IcN5C2rDfn4qu_6mDPsY6d3I
https://www.linkedin.com/feed/update/urn:li:activity:6720447193217601536/,Applaudo Studios,Single image,https://media-exp3.licdn.com/dms/image/C4E22AQGhGpOoX5h-LA/feedshare-shrink_800/0/1602279469282?e=1629331200&v=beta&t=lOSo2FDIfgkWw2zL4BACMa5hAKoqfH8ZrBE_uuDghcQ
https://www.linkedin.com/feed/update/urn:li:activity:6719995540131733504/,Katina Kenyon,Single image,https://media-exp3.licdn.com/dms/image/C5622AQF4a3wfBSxx_w/feedshare-shrink_2048_1536/0/1602171787340?e=1629331200&v=beta&t=Rz2dpT0PhQoiUMsWSSQ1lsItzxKfVxHiS8GhRV8YK0A
https://www.linkedin.com/feed/update/urn:li:activity:6718196284076908544/,Applaudo Studios,Single image,https://media-exp3.licdn.com/dms/image/C4D22AQFSGf4F7KMmuA/feedshare-shrink_800/0/1601742811384?e=1629331200&v=beta&t=TSv8snIG2GEke6XqWJ4H4Gm6bCtdA0fLjLzEDql5v10
https://www.linkedin.com/feed/update/urn:li:activity:6717235811617644544/,Applaudo Studios,Single image,https://media-exp3.licdn.com/dms/image/C4D22AQGQDrn7ZgVmKw/feedshare-shrink_800/0/1601513817215?e=1629331200&v=beta&t=4iCoOu3R7dbD3olCBn0ZJkjMyrmJFKmSZKwTkvkBsSE
https://www.linkedin.com/feed/update/urn:li:activity:6716179646611759104/,Applaudo Studios,Single image,https://media-exp3.licdn.com/dms/image/C4D22AQEakQMdt56K3w/feedshare-shrink_800/0/1601262007757?e=1629331200&v=beta&t=muh3ayNQjswt9ZSenbEkaWE6jyPvYujsvfOm1dy9U_Y
https://www.linkedin.com/feed/update/urn:li:activity:6714581810220728320/,Applaudo Studios,Single image,https://media-exp3.licdn.com/dms/image/C4E22AQFO4W5dGtAH0Q/feedshare-shrink_800/0/1600881053284?e=1629331200&v=beta&t=DPoHJCesLKaX70uSwwaTWtWyJG9ZMzYDHoIo7hJ2uvk
https://www.linkedin.com/feed/update/urn:li:activity:6715068118223400960/,Applaudo Studios,Single image,https://media-exp3.licdn.com/dms/image/C4E22AQGCBGX_f5yNsQ/feedshare-shrink_800/0/1600996997703?e=1629331200&v=beta&t=XAalLvHcCqEG9wZYmbSb64UnPoFFaKhG-1RL96d6jEM
https://www.linkedin.com/feed/update/urn:li:activity:6715370865640386560/,Applaudo Studios,Single image,https://media-exp3.licdn.com/dms/image/C4D22AQFSOYIs-tD9lw/feedshare-shrink_800/0/1601069178460?e=1629331200&v=beta&t=UjCowZ2Inc55-iResHJGGsPllwaTtc6Kn1LWWdF8TDo
https://www.linkedin.com/feed/update/urn:li:activity:6712329785747492864/,Women in Cloud,Single image,https://media-exp3.licdn.com/dms/image/C4D22AQGUecYdN_RTIw/feedshare-shrink_800/0/1600344128450?e=1629331200&v=beta&t=pjXsrZdcs57aVkq4mk5RBQvrUS279Guw3lBlV-5gydY
https://www.linkedin.com/feed/update/urn:li:activity:6714343982303870977/,Applaudo Studios,Single image,https://media-exp3.licdn.com/dms/image/C4D22AQETXKXnDKz2OA/feedshare-shrink_800/0/1600824350466?e=1629331200&v=beta&t=Gu1Qay8vnShMp8E85PpX5lHDeEhzClbUzP9K9zLm9e4
https://www.linkedin.com/feed/update/urn:li:activity:6712629802119045120/,Mario Vanegas,Single image,https://media-exp3.licdn.com/dms/image/C4E22AQFA4UV-Jb8ODw/feedshare-shrink_800/0/1600415658190?e=1629331200&v=beta&t=ZuXlilEuObW2oMJdnB6iw8LwynyEBkx9ISAmN9DsaYs
https://www.linkedin.com/feed/update/urn:li:activity:6711457094383542272/,Alejandra Palacios,Single image,https://media-exp3.licdn.com/dms/image/C4E22AQHRzAvYvWEoew/feedshare-shrink_800/0/1600136062674?e=1629331200&v=beta&t=2t2CdB4gTMdBxuMpMPgaR4ycwdSD-07VOxKFG7eUV0M
https://www.linkedin.com/feed/update/urn:li:activity:6711668899827515392/,Applaudo Studios,Single image,https://media-exp3.licdn.com/dms/image/C4E22AQEIcNy3gzsRmA/feedshare-shrink_800/0/1600186561038?e=1629331200&v=beta&t=opPILINYjcUD2i-8j7QBMnAWeEwQfU30U0SK589Fvho
https://www.linkedin.com/feed/update/urn:li:activity:6711302631609954304/,Applaudo Studios,Single image,https://media-exp3.licdn.com/dms/image/C4E22AQGo5ViLtqUbuw/feedshare-shrink_800/0/1600099236867?e=1629331200&v=beta&t=OpoQX8Ki7-oOeMtRaVTfJP-0_OP_fvXYjFxnHVUWCtY
https://www.linkedin.com/feed/update/urn:li:activity:6711339186676383744/,Applaudo Studios,Single image,https://media-exp3.licdn.com/dms/image/C4E22AQH6PDp3911mlg/feedshare-shrink_800/0/1600107951644?e=1629331200&v=beta&t=6Nm9PbMBrbmFMDy_igvpNzbqF7UaF5XF2YwKEVi5Q5Q
https://www.linkedin.com/feed/update/urn:li:activity:6710576847404507136/,Applaudo Studios,Single image,https://media-exp3.licdn.com/dms/image/C4E22AQH2lqVEWpksTw/feedshare-shrink_800/0/1599926195407?e=1629331200&v=beta&t=sr2x2jCDacaqRK2XDFQdcRrRWrrfj5v1PGh_axjiNWA
https://www.linkedin.com/feed/update/urn:li:activity:6710369268967497728/,Applaudo Studios,Single image,https://media-exp3.licdn.com/dms/image/C4E22AQGLcL7kMiMwDw/feedshare-shrink_800/0/1599876705683?e=1629331200&v=beta&t=JC8NH1sqMWu1_QBc99uKGRourRxQ3pQbqJFurm8z0k4
https://www.linkedin.com/feed/update/urn:li:activity:6709789948179951616/,Javier Peña Capobianco,Single image,https://media-exp3.licdn.com/dms/image/C4D22AQE5Pa7N29e5IQ/feedshare-shrink_800/0/1599738584679?e=1629331200&v=beta&t=ZQpUUoyiziPsNtDAs-4SjDuANINKZ169q-H-edNjfsU
https://www.linkedin.com/feed/update/urn:li:activity:6709639079279026176/,Applaudo Studios,Single image,https://media-exp3.licdn.com/dms/image/C4E22AQEnu0m9zkxjrQ/feedshare-shrink_800/0/1599702614920?e=1629331200&v=beta&t=T9LRd7vUnhdk8B5_zteMpsLXhQrVvKBT6I_RS8lbc24
https://www.linkedin.com/feed/update/urn:li:activity:6709273919435653120/,Applaudo Studios,Single image,https://media-exp3.licdn.com/dms/image/C4E22AQED00BV-VsnwA/feedshare-shrink_800/0/1599615553842?e=1629331200&v=beta&t=G6PiBxZnpT4cYlbgi_n4shSAvJOivXpcvmVIcgEtF6M
https://www.linkedin.com/feed/update/urn:li:activity:6701686325306912768/,Aracely Ocón,Single image,https://media-exp3.licdn.com/dms/image/C5622AQGA7yfGkcE7Hg/feedshare-shrink_800/0/1597806529829?e=1629331200&v=beta&t=wNz6A3FC_gPAZ8iCCUwjaX4-aEs8q5dZitVmvRgO_E4
https://www.linkedin.com/feed/update/urn:li:activity:6707801138026094593/,Applaudo Studios,Single image,https://media-exp3.licdn.com/dms/image/C4E22AQH_cCoL82Nc_w/feedshare-shrink_800/0/1599264415710?e=1629331200&v=beta&t=ReNbWY-MokMN_mnQ0T3_XJH2ar9qsIu1v7uiKsvkqwk
https://www.linkedin.com/feed/update/urn:li:activity:6704912116878503936/,Applaudo Studios,Single image,https://media-exp3.licdn.com/dms/image/C4E22AQFxYAF2_s_8ow/feedshare-shrink_800/0/1598575618690?e=1629331200&v=beta&t=kSXNIqmC-fQgq4ACz3d0Zb-kWN-Azl70ra9ZL4pFdhE
https://www.linkedin.com/feed/update/urn:li:activity:6706726512785190912/,Applaudo Studios,Single image,https://media-exp3.licdn.com/dms/image/C4E22AQFYlkAHp5rQlQ/feedshare-shrink_800/0/1599008204781?e=1629331200&v=beta&t=TcgxsOnZyJzNvsGgtHJpjWVyXSBFXtG86yeMIk0rAUM
https://www.linkedin.com/feed/update/urn:li:activity:6705194383211413504/,Susana Espinoza,Single image,https://media-exp3.licdn.com/dms/image/C5622AQHv4B08I1xjZQ/feedshare-shrink_800/0/1598642916698?e=1629331200&v=beta&t=SDiJpHIhv2xp36_jlMd0j-dF_oBVmDgNy1pHKB9XrbI
https://www.linkedin.com/feed/update/urn:li:activity:6704519612991619073/,Applaudo Studios,Single image,https://media-exp3.licdn.com/dms/image/C4E22AQGM-oaazhtvdQ/feedshare-shrink_800/0/1598482038188?e=1629331200&v=beta&t=xGveW0Gt1ze1WoSRSIu64gftjRcTFYRGNVmgut_mGkg
https://www.linkedin.com/feed/update/urn:li:activity:6703107618640138240/,Sebastian Blumenberg,Single image,https://media-exp3.licdn.com/dms/image/C5622AQG1fa8XprmMdQ/feedshare-shrink_800/0/1598145392469?e=1629331200&v=beta&t=PnIsLhi_jHjP5MT24JflCOUPFZhuBSeVuz4lifbHqN0
https://www.linkedin.com/feed/update/urn:li:activity:6704193720402673664/,Applaudo Studios,Single image,https://media-exp3.licdn.com/dms/image/C4E22AQFpcQ3dc-LVQg/feedshare-shrink_800/0/1598404339857?e=1629331200&v=beta&t=4QSPvMJ3UehrfU2dhnRmceUxcnZeBZ4Prd7zK-F2Yjs
https://www.linkedin.com/feed/update/urn:li:activity:6702320768593743872/,Applaudo Studios,Single image,https://media-exp3.licdn.com/dms/image/C4D22AQFYuAuQ6qfJSQ/feedshare-shrink_800/0/1597957792956?e=1629331200&v=beta&t=Xd2EQjPELPfbiyko0u4A3BzuCTDwE3PYniTc7jjRFjc
https://www.linkedin.com/feed/update/urn:li:activity:6701960080411152385/,Applaudo Studios,Single image,https://media-exp3.licdn.com/dms/image/C4E22AQHSqfr-51pZdA/feedshare-shrink_800/0/1597871798164?e=1629331200&v=beta&t=KAqT87aMxjUrMOttk2VYO5S4UMcJoIRLSzMkGR2vvx4
https://www.linkedin.com/feed/update/urn:li:activity:6702014316448665600/,Applaudo Studios,Single image,https://media-exp3.licdn.com/dms/image/C4E22AQHSAwD1c8HMwA/feedshare-shrink_800/0/1597884729783?e=1629331200&v=beta&t=OqBywfaGRjzkWnbRp_vgAvpyWD_0PG19CCL1IpQsB90
https://www.linkedin.com/feed/update/urn:li:activity:6701640670664290304/,Applaudo Studios,Single image,https://media-exp3.licdn.com/dms/image/C4E22AQGnqM9DjjGy8A/feedshare-shrink_800/0/1597795644816?e=1629331200&v=beta&t=GN1wQPZJOOjVBc7huTpoBcnmXZmhbjaQWAGr3HTAMxo
https://www.linkedin.com/feed/update/urn:li:activity:6701551360283873280/,Applaudo Studios,Single image,https://media-exp3.licdn.com/dms/image/C4E22AQGl4Hyamtw8rA/feedshare-shrink_800/0/1597774351939?e=1629331200&v=beta&t=xTbydTmrHljaf39FT4GCqB0Yps4R8iE34hNH5Um4GS4
https://www.linkedin.com/feed/update/urn:li:activity:6699127140656410624/,Applaudo Studios,Single image,https://media-exp3.licdn.com/dms/image/C4D22AQElEcWnD_xjvg/feedshare-shrink_800/0/1597196373439?e=1629331200&v=beta&t=x2zZsti1sDhEsmiZaIQ46-MeZP9xbcrZqe94xj_Eoaw
https://www.linkedin.com/feed/update/urn:li:activity:6700148496026144768/,Applaudo Studios,Single image,https://media-exp3.licdn.com/dms/image/C4E22AQEfJHnG_221Mg/feedshare-shrink_800/0/1597439883679?e=1629331200&v=beta&t=GKC9TxWMRFTGHF06cDVpNmC6YHxVR2YHxoaA2cHcRYM
https://www.linkedin.com/feed/update/urn:li:activity:6701179250424246272/,HorchataJS,Single image,https://media-exp3.licdn.com/dms/image/C4E22AQE93qoe31S4KA/feedshare-shrink_800/0/1597685634209?e=1629331200&v=beta&t=_K-oTSIMN9i0itYhbwWG2zMZUKXFT7kSCSfHhWWU_4I
https://www.linkedin.com/feed/update/urn:li:activity:6699817722777284608/,Applaudo Studios,Single image,https://media-exp3.licdn.com/dms/image/C4E22AQGtLsaJPU_GiQ/feedshare-shrink_800/0/1597361021206?e=1629331200&v=beta&t=eH6_vzWmuTvwGUaavFcy9-BphVJEywKi-TNZl1uY7Gs
https://www.linkedin.com/feed/update/urn:li:activity:6699716308491145216/,César E. Amaya,Single image,https://media-exp3.licdn.com/dms/image/C4E22AQE5m3Qb0btNsA/feedshare-shrink_800/0/1597336841299?e=1629331200&v=beta&t=_21hgZubiXLUipcXjt8IGWAGMSYG4rtO2PLqZNroGVI
https://www.linkedin.com/feed/update/urn:li:activity:6699073109670027264/,Applaudo Studios,Single image,https://media-exp3.licdn.com/dms/image/C4D22AQGt5VPiO1fjBw/feedshare-shrink_800/0/1597183490990?e=1629331200&v=beta&t=Uyo4FplsZE4WkKTj1XrNYu3virabWsW_n8LYEOUUoMk
https://www.linkedin.com/feed/update/urn:li:activity:6696583659715145728/,Applaudo Studios,Single image,https://media-exp3.licdn.com/dms/image/C4E22AQFxtmXgZwt4rQ/feedshare-shrink_800/0/1596589959536?e=1629331200&v=beta&t=zqwTrP6sW74QL-ZJvkpSE31gtDh4X8vMRm_5Tpu-No4
https://www.linkedin.com/feed/update/urn:li:activity:6694717915985526784/,Ricky Bonilla,Single image,https://media-exp3.licdn.com/dms/image/C5622AQF4-AKrLYKCew/feedshare-shrink_2048_1536/0/1596145131571?e=1629331200&v=beta&t=Eh1e_pXVtWQpOoLCxHsdst7JloNYNqvVtd9T215ePe8
https://www.linkedin.com/feed/update/urn:li:activity:6696225092633976832/,Applaudo Studios,Single image,https://media-exp3.licdn.com/dms/image/C4E22AQHCtiR61gHxLg/feedshare-shrink_800/0/1596504470546?e=1629331200&v=beta&t=6HwUkvO91A6EIv3NYN1Y9KB_hlHP_7ZfKx3llPJWIl0
https://www.linkedin.com/feed/update/urn:li:activity:6695007575555014656/,Applaudo Studios,Single image,https://media-exp3.licdn.com/dms/image/C4E22AQEP078Jji5IxQ/feedshare-shrink_800/0/1596214191793?e=1629331200&v=beta&t=eZzAEfjH9YsUm68QMixe3xY8DUnn-cS7L4Z5MMz_CYo
https://www.linkedin.com/feed/update/urn:li:activity:6695138419410001920/,Applaudo Studios,Single image,https://media-exp3.licdn.com/dms/image/C4D22AQHQgnqAOcFoyA/feedshare-shrink_800/0/1596245388301?e=1629331200&v=beta&t=ufOaZi8TitpV4bW46VhFiCFbY5HVHftjL-utI6ZkYZo
https://www.linkedin.com/feed/update/urn:li:activity:6694787794348376065/,Applaudo Studios,Single image,https://media-exp3.licdn.com/dms/image/C4E22AQH_blDSI0C1EQ/feedshare-shrink_800/0/1596161792665?e=1629331200&v=beta&t=-zhJ2Ed1q7UoNVUPoAkLM_ZFAhQYGfecO0LlSGlSMVE
https://www.linkedin.com/feed/update/urn:li:activity:6694633038225178625/,Applaudo Studios,Single image,https://media-exp3.licdn.com/dms/image/C4E22AQHKfbRT9sZSlQ/feedshare-shrink_800/0/1596124895471?e=1629331200&v=beta&t=7t-vL5pz_6yufbbIMbTfb-UUWvZh_2BH-YbzWslMD68
https://www.linkedin.com/feed/update/urn:li:activity:6694040631385309184/,Javier Peña Capobianco,Single image,https://media-exp3.licdn.com/dms/image/C4D22AQENoEbrP0Bmmg/feedshare-shrink_800/0/1595983654925?e=1629331200&v=beta&t=YSkh9GakSO3S4gWO1eSIcX8AFCCQZPe3HVl_WdODOuA
https://www.linkedin.com/feed/update/urn:li:activity:6693651198626545664/,Applaudo Studios,Single image,https://media-exp3.licdn.com/dms/image/C4D22AQGveL6zVUK3YA/feedshare-shrink_800/0/1595890806493?e=1629331200&v=beta&t=D1lvM1o6QTwbLiYK1hRnpq3U1Z8N5NZCHBAIB-mn7Qw
https://www.linkedin.com/feed/update/urn:li:activity:6691763638996488192/,Josue Vigil,Single image,https://media-exp3.licdn.com/dms/image/C5622AQG-4swBM4eamw/feedshare-shrink_800/0/1595440777155?e=1629331200&v=beta&t=lKoh22UfCPGi2GJIsHh1qUlRPinSDayqialyJZOyRGY
https://www.linkedin.com/feed/update/urn:li:activity:6694257887449100288/,Ana Amaya,Single image,https://media-exp3.licdn.com/dms/image/C5622AQFVWiD9G_X6bw/feedshare-shrink_800/0/1596035452741?e=1629331200&v=beta&t=3_9AxA3BzTS9Ia0tgT80doOkuETcO-e8soE34tpJBtM
https://www.linkedin.com/feed/update/urn:li:activity:6692164976951525376/,Applaudo Studios,Single image,https://media-exp3.licdn.com/dms/image/C4E22AQGkmkTI3UVBZQ/feedshare-shrink_800/0/1595536463533?e=1629331200&v=beta&t=XY4MYQ_SY1BVvbhBejaxD9IbrnmxDE2KPe2gTHaL-F4
https://www.linkedin.com/feed/update/urn:li:activity:6692574214177796096/,Applaudo Studios,Single image,https://media-exp3.licdn.com/dms/image/C4E22AQESe3Sv9ZkxbQ/feedshare-shrink_800/0/1595634033336?e=1629331200&v=beta&t=dqLuACiAkSvOhkf_RfyXfKmi2wYcXsHT2x71jtFUB5U
https://www.linkedin.com/feed/update/urn:li:activity:6691833203415638016/,Applaudo Studios,Single image,https://media-exp3.licdn.com/dms/image/C4D22AQFu6HdkQQKGUw/feedshare-shrink_800/0/1595457362885?e=1629331200&v=beta&t=BKqavikdRxNLLxycSjtHa9LKTDePagf8kyEw1k8Hu-c
https://www.linkedin.com/feed/update/urn:li:activity:6691498777779474432/,Applaudo Studios,Single image,https://media-exp3.licdn.com/dms/image/C4E22AQE1XWugJlImlA/feedshare-shrink_800/0/1595377629085?e=1629331200&v=beta&t=_I-eFuLwjmJiDP7ZMI07DLNYFVPnWtRJlVPs7k0P-LI
https://www.linkedin.com/feed/update/urn:li:activity:6690988728766238720/,Katina Kenyon,Single image,https://media-exp3.licdn.com/dms/image/C4D22AQGec0h4RMxutg/feedshare-shrink_800/0/1595256023585?e=1629331200&v=beta&t=O8pXzDKidhUKkNC1ijgi6s32vX4Udprl3CAdK5ne4KA
https://www.linkedin.com/feed/update/urn:li:activity:6691088009955172352/,Applaudo Studios,Single image,https://media-exp3.licdn.com/dms/image/C4D22AQHsxpFCaEpQHg/feedshare-shrink_800/0/1595279695481?e=1629331200&v=beta&t=pk0xN3R3evvRHtWXojGApnQr-TrHqhLBCth97oHP1WY
https://www.linkedin.com/feed/update/urn:li:activity:6688940136018825216/,Applaudo Studios,Single image,https://media-exp3.licdn.com/dms/image/C4E22AQEm8gqGprwqcA/feedshare-shrink_800/0/1594767602275?e=1629331200&v=beta&t=F_6wxRivkrPArHt8MZzQ_N5rcCS0ie_9KKX-ycUUsrM
https://www.linkedin.com/feed/update/urn:li:activity:6689959211700432896/,Applaudo Studios,Single image,https://media-exp3.licdn.com/dms/image/C4E22AQG11J4QTFTwaA/feedshare-shrink_800/0/1595010568126?e=1629331200&v=beta&t=7rSqwYl1bV6n8rqJ_KHCjiwooNX8pJkvE48GfXvWfxw
https://www.linkedin.com/feed/update/urn:li:activity:6689679069400887296/,Applaudo Studios,Single image,https://media-exp3.licdn.com/dms/image/C4E22AQEGKyQskTm3uQ/feedshare-shrink_800/0/1594943777137?e=1629331200&v=beta&t=lcQXhq_ly15cLLLsnwVOM6n6xAtiiXbn36HBbtfaWtI
https://www.linkedin.com/feed/update/urn:li:activity:6689270734654648320/,Andrés Alvarado,Single image,https://media-exp3.licdn.com/dms/image/C4E22AQEhUcMdVOm_Lg/feedshare-shrink_800/0/1594846422503?e=1629331200&v=beta&t=XXJBJ2yM9FayJqixPhuQisDU5G4jBv2trf00TLU4o-I
https://www.linkedin.com/feed/update/urn:li:activity:6689559132283957249/,El Salvador Investment Promotion Network,Single image,https://media-exp3.licdn.com/dms/image/C4E22AQF4o8xV1JQGZA/feedshare-shrink_800/0/1594915181862?e=1629331200&v=beta&t=T4_kNMVDfBlws0BZwD7dcaLit0XQzqIzn7_s3F2QcSk
https://www.linkedin.com/feed/update/urn:li:activity:6688877937665609728/,Applaudo Studios,Single image,https://media-exp3.licdn.com/dms/image/C4E22AQFOCdRIqLkciA/feedshare-shrink_800/0/1594752772478?e=1629331200&v=beta&t=67Uv4qXoQx5LmojSH_KIk3IMLwsIMdpBaOhHD-i-KJQ
https://www.linkedin.com/feed/update/urn:li:activity:6689560236786794496/,El Salvador Investment Promotion Network,Single image,https://media-exp3.licdn.com/dms/image/C4E22AQFW57RzqUkdhg/feedshare-shrink_800/0/1594915445373?e=1629331200&v=beta&t=7g2wZh0HFG4IzJkxL22R8uJNSVgbwCLbSZIMYkq74z4
https://www.linkedin.com/feed/update/urn:li:activity:6688604869097512960/,Carmen Escobar,Single image,https://media-exp3.licdn.com/dms/image/C4E22AQE2TJ-AIOAMNQ/feedshare-shrink_2048_1536/0/1594687668058?e=1629331200&v=beta&t=ftLcCn8pdpHcd00OSrjbdj1pyOGwXOxIFXtxNzT1k-0
https://www.linkedin.com/feed/update/urn:li:activity:6689530328580784128/,Escuela de Comunicación Mónica Herrera,Single image,https://media-exp3.licdn.com/dms/image/C5622AQF69BU6AbisjA/feedshare-shrink_800/0/1594908314716?e=1629331200&v=beta&t=HsWO1HebznclHpyhb4ax99fkeL03qRGX0OH1qKvIKvQ
https://www.linkedin.com/feed/update/urn:li:activity:6688472594074738688/,Escuela de Comunicación Mónica Herrera,Single image,https://media-exp3.licdn.com/dms/image/C5622AQFS7MLpGYT-HQ/feedshare-shrink_2048_1536/0/1594656130535?e=1629331200&v=beta&t=1MDm_uZUwet9zgn11G6cy5t5nfzjm5rgKyrGE0E2NWU
https://www.linkedin.com/feed/update/urn:li:activity:6687464729964810240/,Applaudo Studios,Single image,https://media-exp3.licdn.com/dms/image/C4E22AQH5ORVY07hKQw/feedshare-shrink_800/0/1594415837289?e=1629331200&v=beta&t=oJ3doosxqDkFzePxXQXx07yK_xgI8UwZM-7tRtoFNnI